new_id,title,text,source,label
fake_1,重庆公交与轿车相撞坠江 系轿车车主驾车逆行导致,"据新京报记者从万州区应急办获悉，大巴车坠江前曾与一小轿车发生相撞，系一小轿车女车主驾车逆行导致。

（记者张熙廷）今天（10月28日）上午，重庆市万州区长江二桥发生重大交通事故。12时许，新京报记者从万州区应急办获悉，大巴车坠江前曾与一小轿车发生相撞，系一小轿车女车主驾车逆行导致，目前相关部门正全力搜救。

最新消息：

【重庆大巴车坠江目前已打捞出两名遇难人员遗体】记者从重庆市公安局万州分局和长航公安局万州分局获悉，目前现场已打捞出在重庆万州长江二桥公交车坠入长江事故中遇难的两名人员的遗体。

此外，记者从重庆市万州区应急办了解到，现已确定事发时间为28日上午10时左右，从长江二桥冲下坠江的公交车已确定为一辆当地22路公交汽车，车载人数尚待核实。

目前，相关部门已经确定车辆沉入江底，正在组织相关打捞救援。(中央广播电视总台央视新闻)。",https://weibo.com/ttarticle/p/show?id=2309404300120509303737,1
fake_2,重庆公交车坠江已致2死，事发前轿车女车主逆行,"今日10时许，重庆市万州区一大巴车在万州长江二桥桥面与小轿车发生碰撞后，大巴车坠入江中。记者从重庆市公安局万州分局和长江航运公安局万州分局获悉，目前现场已打捞出在重庆万州长江二桥公交车坠入长江事故中遇难的两名人员的遗体。当天稍早时候，重庆市万州区应急办值班人员告诉澎湃新闻，据交警部门】传来的信息，长江二桥事故中，22路公交车与红色小轿车相撞后坠江。事故发生前，轿车女车主驾车逆行。公交车内人数目前尚未确定。#坠江事故女司机# #重庆大巴车坠江#口I环球网的秒拍视频。
",环球网 10-28 15:37,1
fake_3,,"大巴车坠江前曾与一小轿车发生相撞，系私家车女司机邝某娟驾车逆行导致。据重庆市公安部门称，现已确定事发时间为28日，上午10时左右，从长江二桥冲下坠江的公交车已确定为一辆当地22路公交汽车。另据周围某学校学生介绍，发生坠江事故的公交线路是该校不少学生周末出行的主要交通方式，事故发生后，学校已经安排老师到各个班级核查学生人数，“学校离事发地不是很远，现在正在统计人数，具体车上有没有我们学校的，还不清楚。
",新浪新闻 新京报、央视,1
fake_4,,"【直击#重庆大巴车坠江#现场:逆行女司机被控制遇难者家属抱遗体痛哭...10月28日.上午10时左右，重庆万州区。- -公交车与私家车碰撞后坠江。据万州区交巡警支队通报，事故由私家车逆行导致，女司机邝某娟已被警方控制。目前，相关部门已经确定车辆沉入江底，正在组织相关打捞救援。C燃新闻的秒拍视频。
",中国警察网 10-28 17:05,1
fake_5,,"【鲸视烦:区政府回应重庆大巴车坠入长江州系小车逆行与大巴发生碰撞】 10月28日上午，重庆万州区长江二桥上发生-起交通事故 -辆大巴车与一辆轿车相撞后冲破护栏掉入长江。万州区政府回应称确有此事系小车逆行与大巴车发生碰撞导致目前已组织全力教理，伤亡情况不明。。 0EVide的形拍规频。
",蓝鲸财经记者工作平台 10-28 14:12,1
fake_6,,"万州区政府回应称系小车逆行与大巴车发生碰撞导致,据万州区交巡警支队通报，私家车女司机邝某娟已被警方控制。//@燕赵都市报: 【 已打捞出2名人员遗体，坠江公交车已沉入江底】据央视，目前现场已打捞出两名人员遗体。车辆实载人数尚待核实。目前，相关部门已确定车辆沉入江底，正在组织相关打捞救援。
",燕赵都市报 10-28,1
fake_7,,"关注重庆公交坠江事件# 【直击#重庆大巴车坠江#现场:逆行女司机被控制遇难者家属抱遗体痛哭..】」10月28日 上午10时左右，重庆万州区。-公交车与私家车碰撞后坠江。据万州区交巡警支队通报，事故由私家车逆行导致，司机邝某娟已被警方控制。目前，相关部门已经确定车辆沉入江底，正在组织相关打捞救援。祈祷人AA C新浪视频的秒拍视频◎杭州.下沙街区。
",杭州下沙租房通 10-28 17:37,1
fake_8,重庆公交与逆行轿车相撞坠江已捞出两具遗体 轿车女司机已被控制,"新华社重庆10月28日电（记者陈国洲、韩振）记者从重庆市公安局万州分局和长航公安局万州分局获悉，目前现场已打捞出在重庆万州长江二桥公交车坠入长江事故中遇难的两名人员的遗体。
图为万州长江二桥栏杆破损。

记者从重庆市公安部门获悉，现已确定事发时间为28日上午10时左右，从长江二桥冲下坠江的公交车已确定为一辆当地22路公交汽车。
据新京报讯（记者 张熙廷）今天（10月28日）上午，重庆市万州区长江二桥发生重大交通事故。12时许，新京报记者从万州区应急办获悉，公交车坠江前曾与一小轿车发生相撞，系一小轿车女车主驾车逆行导致，目前相关部门正全力搜救。
另据封面新闻消息（记者梁波）10月28日，重庆万州区发生一起致公交车与私家车碰撞，公交车坠江的道路交通事故。据万州区交巡警支队通报，私家车女司机邝某娟已被警方控制。

目前，相关部门已确定车辆沉入江底，正在组织相关打捞救援。",百度新闻 https://mbd.baidu.com/newspage/data/landingsuper?context=%7B%22nid%22%3A%22news_8360540869334883420%22%7D&n_type=-1&p_from=-1,1
fake_9,,"【重庆一公交与逆行轿车相撞后坠江女司机被控制动画示意路线图】 28日.上午10时许，重庆万州区长江二_桥一-22路公交车与一辆逆行私家车相撞，后公交车坠江。目前私家车女司机邝某娟已被警方控制。截至14时，已打捞出两名人员遗体。现场参与救援的蓝天救援队骆队长表示，事发桥面离水面有50余米，公交车坠江后又沉入65米深的江底。目前政府正组织救援。. (综合) #重庆大巴车坠江##重庆坠江22路公交车# @新京报c新京报动新闻的秒拍视频。
",新京报动新闻 10-28 17:48,1
fake_10,,"【重庆公交坠江原因:系小车逆行与大巴碰撞涉事女司机已被控制】 10月28日. 上午，重庆万州区长江二桥上发生一起交通事故，-辆大巴车与一~辆轿车相撞后,冲破护栏掉入长江。万州区政府回应:确有此事，系小车逆行与大巴车发生碰撞导致，目前已组织全力救援，伤亡情况不明。据万州区交巡警支队通报，私家车女司机邝某娟已被警方控制。《网页链接C1长沙晚报的秒拍视频。
",长沙晚报 10-28 14:40,1
fake_11,女司机逆行，公交车紧急避让坠入江中，你对此事怎么看,#重庆公交车坠江事故# #重庆大巴车坠江# 今日10时许，重庆市万州区一大巴车在万州长江二桥桥面与小轿车发生碰撞后，大巴车坠入江中，目前现场已打捞出在重庆万州长江二桥公交车坠入长江事故中遇难的两名人员的遗体。据交警部门传来的信息，长江二桥事故中，22路公交车与红色小轿车相撞后坠江。事故发生前，轿车女车主驾车逆行。公交车内人数目前尚未确定。逆行到底有多可怕，你对此事怎么看呢？,微博话题问答 https://weibo.com/p/2313474300131863261576/wenda_home,1
fake_12,,"重庆万州一大巴车坠江，或系一女司机驾驶私家车逆行导致
据重庆青年报消息，28日上午，重庆市万州区长江二桥发生重大交通事故，-辆大巴车被撞后冲破护栏坠入长江，疑有重大伤亡。目前,政府正在组织救援。据传，事故系一女司机驾驶的红色私家车桥上逆行所致。
",滚动|警方通报重庆大巴车坠江原因 11-28 11:40,1
fake_13,,#重庆大巴车坠江# 今天（28日）10时许，重庆市万州区一公交车在万州长江二桥桥面与小轿车发生碰撞后，公交车坠入江中。据说，该事故是因为一辆小轿车的女司机逆行所致，该女车主没有任何生命危险，公交车伤员未定。截至28日15时，事故现场已打捞出遇难的两名人员的遗体。记者从重庆市万州区应急办了解到，坠江的公交车已确定为一辆当地22路公交汽车，车载人数尚待核实。目前，相关部门已经确定车辆沉入江底，正在组织相关打捞救援。让我们祝愿生存者越多越好，为不幸遇难者默哀。,王兮兮 10-28 17:42,1
fake_14,,"#重庆大巴车坠江#重庆青年报消息，今（28）日上午，重庆市万州区长江二桥发生重大交通事故，一辆大巴车被撞后冲破护栏坠入长江。目前，政府正在组织救援。据传，事故系一女司机驾驶的红色私家车桥上逆行所致。从重庆市公安部门获悉，现已确定事发时间为28日上午10时左右，从长江二桥冲下坠江的公交车已确定为一辆当地22路公交汽车。
截至下午14时，现场已打捞出两2人员遗体。车辆实载人数尚待核实。目前，相关部门已确定车辆沉入江底，正在组织相关打捞救援。",往事随风飘逝 10-28 17:44,1
fake_15,,#重庆大巴车坠江# 今天10时许，重庆市万州区一公交车在万州长江二桥桥面与小轿车发生碰撞后，公交车坠入江中。据万州区交巡警支队通报，事故由私家车逆行导致，女司机已被警方控制。车辆已确定沉入江底，相关部门正在打捞救援。武警官兵正在救援现场开展搜救工作，蛙人准备就绪。,脚踏七星揽明月 10-28 17:50,1
fake_16,,据交警部门传来的信息，长江二桥事故中，22路公交车与红色小轿车相撞后坠江。事故发生前，轿车女车主驾车逆行。公交车内人数目前尚未确定。 另据救援专家、北京平澜公益基金会负责人王英颉披露，据现场救援人员传回的消息，利用强磁定位等方法，重庆万州长江二桥坠江公交车在水下的位置已经确定，目前正在等待开展固定打捞工作。,秋水寒而长天尚温 10-28 17:51,1
fake_17,大巴车坠江原因：女司机逆行！,"记者从重庆市公安局万州分局和长江航运公安局万州分局获悉，目前现场已打捞出在重庆万州长江二桥公交车坠入长江事故中遇难的两名人员的遗体。
下午13:50左右，重庆市万州区交巡警支队工作人员告诉澎湃新闻，长江二桥事故现场周边区域已经实施交通管制，长江二桥不能通行，但江面继续通航。

当天稍早时候，重庆市万州区应急办值班人员告诉澎湃新闻，据交警部门传来的信息，长江二桥事故中，22路公交车与红色小轿车相撞后坠江。事故发生前，轿车女车主驾车逆行。公交车内人数目前尚未确定。另据《华西都市报》消息，万州区交巡警支队通报，私家车女司机邝某娟已被警方控制。
另据救援专家、北京平澜公益基金会负责人王英颉披露，据现场救援人员传回的消息，利用强磁定位等方法，重庆万州长江二桥坠江公交车在水下的位置已经确定，目前正在等待开展固定打捞工作。

目前，公安、海事等部门正全力搜救。",新浪军事 环球网 http://mil.news.sina.com.cn/2018-10-28/doc-ihnaivxp8342889.shtml,1
fake_18,重庆公交坠江：车辆逆行，生命被22的青春撞了下腰,"据新华社报道称，2018年10月28日10时08分，重庆万州区发生一起公交车与私家车碰撞后公交车坠江的道路交通事故。目前，涉事小轿车驾驶员已被警方控制，在医院医治，并无大碍。截至当天13点，现场已打捞出两名人员遗体。
各方媒体通过相关部门获悉，该22路公交车（车内人数待查）由万州区江南新区往北滨路行驶，当车行驶至万州长江二桥桥上时，与一辆由城区往江南新区逆行行驶的小型轿车（车内只有驾驶员）相撞，造成公交车失控冲破护栏坠入长江，小型轿车车辆受损。

公交车坠入长江后，相关部门正在积极搜救。车内核载人数尚不明了，让人揪心，善良的人们在祈祷着，希望真诚可以换来少些伤亡。
这起事故，也许是大巴司机操作不当，是坠江的直接原因，但是为了避让逆行的私家车女司机，却是事故最主要的原因。

22岁，也许是一个人风华正茂的年纪，代表着活力和希望，让我们怀念。当我们被青春撞了一下腰时，我们有过刻骨铭心，但是有些人，却因为22路，却永远失去了生命的青春，而这起生命的悲歌，是缘自逆行。
也许肇事车主，在医院里躺着，只是一场虚惊，但是已经失去生命的人，因为她的一次有意或者无意的逆行，却永远失去了生命，我们不禁要问下，她的余生，真的不会因为这个而愧疚，还能有好梦安眠？

车辆的逆行、违反交通规则，视规则如风，视人命为草芥，这是漠视生命、毫无责任和道德泯灭的人儿啊，势必会受到道德谴责和法律的制裁！",网易号 生活斋志 https://www.163.com/dy/article/DV7LM87805454CXF.html,1
fake_19,重庆公交车与逆行轿车相撞坠江！沉入65米深的江底 现场已打捞出遗体,"10月28日10时08分，重庆万州区发生一起公交车与私家车碰撞后公交车坠江的道路交通事故（点击这里查看早前消息）。目前，涉事小轿车驾驶员已被警方控制。
10月28日10时08分，重庆万州区发生一起公交车与私家车碰撞后公交车坠江的道路交通事故。目前，涉事小轿车驾驶员已被警方控制。截至13点，现场已打捞出两名人员遗体。

记者从相关部门获悉，该公交车（车内人数待查）由万州区江南新区往北滨路行驶，当车行驶至万州长江二桥桥上时，与一辆由城区往江南新区行驶的小型轿车（车内只有驾驶员）相撞，造成公交车失控冲破护栏坠入长江，小型轿车车辆受损。

公交车坠入长江后，相关部门正在积极搜救。小型轿车驾驶员已被警方控制，并在医院接受治疗。相关事故原因正在调查中。

记者了解到，事故现场位于万州区长江二桥中段，道路全宽20米，双向四车道，设有道路中心实线。",网易号 迷你宝典星座 https://www.163.com/dy/article/DV9IT3KM05481Y9U.html,1
fake_20,,"10月28日13:50左右，重庆市万州区交巡警支队工作人员告诉澎湃新闻，长江二桥事故现场周边区域已经实施交通管制，长江二桥不能通行，但江面继续通航。

当天稍早时候，重庆市万州区应急办值班人员告诉澎湃新闻，据交警部门传来的信息，长江二桥事故中，22路公交车与红色小轿车相撞后坠江。事故发生前，轿车女车主驾车逆行。公交车内人数目前尚未确定。

另据救援专家、北京平澜公益基金会负责人王英颉披露，据现场救援人员传回的消息，利用强磁定位等方法，重庆万州长江二桥坠江公交车在水下的位置已经确定，目前正在等待开展固定打捞工作。",澎湃新闻 https://www.toutiao.com/a6617309182733320717/?channel=&source=search_tab,1
fake_21,重庆公交坠江事件与逆行车相撞后坠江 已确定水下位置,"今日，网传重庆万州一大巴车于万州二桥坠入长江。从现场视频看，有一辆对向行驶小车受损停在桥旁。记者从重庆市公安局万州分局和长航公安局万州分局获悉，目前现场已打捞出在重庆万州长江二桥公交车坠入长江事故中遇难的两名人员的遗体。
此外，记者从重庆市万州区应急办了解到，现已确定事发时间为28日上午10时左右，从长江二桥冲下坠江的公交车已确定为一辆当地22路公交汽车，车载人数尚待核实。目前，相关部门已经确定车辆沉入江底，正在组织相关打捞救援。
1救援进展：坠江公交在水下65米处

据重庆交通早报报道，目前已初步确认失事公交车位置，距离水面65米，目前已有近20名潜水员携带技术潜水装备赶往现场。据救援队长表示，事发桥面离水面有50余米，公交车坠江后又沉入65米深的江底，由于巨大的冲击和水中缺氧等问题，给被困人员带来极大的生存挑战，同时给救援工作带来极大的困难。重庆万州坠江公交已确定位置 在水下65米处
2事故原因：轿车女司机逆行

据新京报报道，12时许，新京报记者从万州区应急办获悉，大巴车坠江前曾与一小轿车发生相撞，系小轿车女车主驾车逆行导致。据万州区交巡警支队通报，私家车女司机邝某娟已被警方控制。
3逆行轿车女司机：驾龄6年

据最新消息，2名驾驶员都有多年驾龄。公交司机冉某驾龄14年，逆行女司机邝某娟驾龄6年，28日上午10:08左右，冉某驾驶渝F籍大型普通客车由江南新区往北滨路行驶，当车行驶至万州长江二桥桥上时，与邝某娟驾驶的渝F籍小型轿车相撞,造成大客车失控冲破护栏坠入长江，小型轿车辆受损。小轿车驾驶员邝某娟在事故中造成软组织损伤，目前已被警方控制，在医院接受治疗。重庆万州坠江事件：女司机驾龄6年公交司机驾龄14年
4事故现场：周边区域已交通管制

据重庆交通早报报道，现场目击者李先生告诉记者：事发时他正在桥下钓鱼，突然听到一声巨响，抬头看到一辆大巴车冲出护栏掉了下来。“车子坠落的速度太快了，我都没有看清楚到底是哪一路车，有多少人，掉进去就找不到了。”
从现场视频可以看到，桥面上一辆红色轿车被撞的面目全非，一名女子坐在车旁边的路边。距离车子几米外的大桥护栏被撞出一个缺口，江面上漂满油污，不见大巴车的踪影。
10月28日13:50左右，重庆市万州区交巡警支队工作人员告诉记者，长江二桥事故现场周边区域已经实施交通管制，长江二桥不能通行，但江面继续通航。

5坠江公交：为附近学生常坐线路

据北京青年报报道，据周围某学校学生介绍，发生坠江事故的公交线路是该校不少学生周末出行的主要交通方式，事故发生后，学校已安排老师到各个班级核查学生人数。重庆大巴车坠江目击者：坠江车辆系公交车
6救援现场：大型浮吊到场准备起吊公交车

下午14时，记者从参与现场救援的四川路桥集团万州三桥项目支部负责人处了解到，目前该集团下属的大型浮吊设备已经赶到坠江现场，“浮吊可起重60吨，正在抛锚、定位，准备下一步起吊工作”，目前现场正在研究起吊方案，准备将坠江公交车吊出水面。重庆公交车坠江处水深约80米 大型浮吊到场准备起吊公交车。
",网易 https://3g.163.com/dy/article/DV7RSBQ80527D7JQ.html,1
true_1,,【特别关注！重庆客车坠江事故权威发布：坠江事故女司机没逆行！非女司机逆行所致！系公交车越线撞击小轿车后坠江】28日10时08分，重庆市万州区发生一起公交车与私家车碰撞后公交车坠江的道路交通事故。目前，涉事小轿车驾驶员已被警方控制。截至13点，现场已打捞出两名人员遗体。@平安万州 通报称，该公交车由万州区江南新区往北滨路行驶，当车行驶至万州长江二桥桥上时，与一辆由城区往江南新区行驶的小型轿车（车内只有驾驶员）相撞，造成公交车失控冲破护栏坠入长江，小型轿车车辆受损。初步确认，公交车上共有驾乘人员10多人。记者战海峰,平安洛宁 10-28 22:59,0
true_2,,【坠江事故女司机没逆行！重庆公交车坠江因突然越线，车上共有驾乘人员10余人】警方初步确认！重庆坠江公交上共有驾乘人员10多人。警方通报：10月28日10时08分，一辆公交客车与一辆小轿车在重庆万州区长江二桥相撞后，公交客车坠入江中。经初步事故现场调查，系公交客车在行驶中突然越过中心实线，撞击对向正常行驶的小轿车后冲上路沿，撞断护栏，坠入江中。,新浪视频,0
true_3,,"【网传大巴车坠江祸起女司机 警方辟谣【话筒】 】28日上午，重庆一公交客车与小轿车相撞后，公交客车坠江。随后有媒体报道称，系女司机逆行所致。对此，警方发布调查结果，经初步事故现场调查，系公交客车在行驶过程中突然越过中心实线，撞击对向正常行驶的小轿车后冲上路沿，撞断护栏，坠入江中。
",吉林网警巡查执法 10-28 22:45,0
true_4,,10月28日10时08分，一辆公交客车与一辆小轿车在重庆万州区长江二桥相撞后，公交客车坠入江中。经初步事故现场调查，系公交客车在行驶中突然越过中心实线，撞击对向正常行驶的小轿车后冲上路沿，撞断护栏，坠入江中。根据调查访问、调取公交客车沿线监控视频，初步确认当时公交客车上共有驾乘人员10多人。目前，事故原因正进一步调查中。,警情通报,0
true_5,重庆公交车坠江原因反转：公交车越线逆行撞击对向轿车,"新京报讯(记者 张熙廷) 今日（28日）上午10时左右，重庆万州一公交车在万州长江二桥与小轿车发生碰撞后，坠入江中。警方通报显示，初步确认车上共有驾乘人员十多人。

28日10时许，重庆市万州区一辆公交车行驶至长江二桥时，与一辆小轿车相撞后坠江。事发后，应急管理部调派国家水上应急救援重庆长航队7名潜水员、4名深潜队员和1名深潜医务人员，以及40吨级全旋转浮吊打捞船参与人员搜救等处置工作。

新京报记者注意到，事故发生后，曾有重庆当地媒体报道称，“事因一女性小轿车车主驾车逆行导致”，这一关于事故结论的说法引发关注。

今日12时45分，新京报记者据此向万州区政府应急办证实，一名工作人员对”女司机逆行致事故发生”这一说法予以肯定。

今日晚间，重庆市公安局万州分局通过官方微博，通报事故初步调查结果。

万州警方称，10月28日10时08分，一辆公交客车与一辆小轿车在重庆万州区长江二桥相撞后，公交客车坠入江中。经初步事故现场调耍系公交客车在行驶中突然越过中心实线，撞击对向正常行驶的小轿车后冲上路沿，撞断护栏，坠入江中。根据调朔梦省⒌魅」交客车沿线监控视频，初步确认当时公交客车上共有驾乘人员10多人。",新京报 10-28 19:14,0
true_6,反转！女司机没逆行 重庆坠江事故系公交车越线行驶,"10月28日上午10时左右，重庆万州区一辆公交车与私家车碰撞后坠江，据万州区交巡警支队通报，事故由私家车逆行导致，相关部门已经确定车辆沉入江底，正在组织相关打捞救援。事件一经报道，立刻引起轩然大波，人们纷纷谴责驾车与公交车发生碰撞的私家车女司机，然而随着进一步的调查，事情却发生了转机。
10月28日下午17时46分，万州区交巡警支队通报，经初步调查，事故原因系公交车在行驶途中突然越过中心实线，撞击对向正常行驶的小轿车后冲上路沿坠入江中，后车的行车记录仪记录了现场的惊险情景。据当地居民称，坠江公交车上共有10多人，车上可能有附近中学的学生，公交车所属的交通公司也给出数据，具体乘车人数及乘客身份有待进一步核实。
事故发生后，有关部门立刻展开救援。据悉，交通运输部已派专员与应急管理部、公安部组成联合工作组赴现场协助当地政府开展救援，长江水利委员会“水文050”船被紧急调往事发水域，迅速搭建声呐探测体系，利用多波数码技术对水下进行声呐扫描，大型浮吊设备也已赶到坠江现场。
海事部门对上下水船舶进行管控，要求周边船舶减速慢行，统筹好水面搜寻和通航管理，防止发生次生事故。武警重庆总队在应急指挥部的统一指挥下，根据夜间情况研究细化搜救方案，警戒船艇全时在水域坚持值守。目前，救援行动仍在紧张进行中。",社会时分秒 10-29 12:52,0
true_7,重庆公交坠江事故肇事者反转，还欠“女司机”一个道歉,"“如果权威时间长时间缺位、真相迟迟不公布，几乎必然会给谣言滋生的空间，到时再处理就很被动了。”
重庆万州公交车坠河事件，社会悲痛不已。一开始有媒体报道，万州应急办透露，事故系公交车避让一辆逆行的小轿车所致，小轿车司机为一女性，一时引得各路自媒体、大V转发评论，对“女司机”群起而攻之，而警方几个小时后发布的情况通报则显示，是公交车越过中心实线，撞上对向正常行驶的小轿车后失控坠入江中。

新闻又一次反转了，几个小时前还忙着转发评论、鞭挞、大声疾呼的一大堆自媒体、网络大V张口结舌，又忙着删帖，其变脸速度之快让人咋舌。这起事情之所以闹到这么一个地步，始作俑者难辞其咎，细节上有出入可以理解，可是刚开始传播的跟最终的事实差距这么大，就很难理解，何况消息源还来自当地的应急办，希望当地应急办对此作出认真的回应。

被不实消息误导是事实，但一起交通事故，“女司机”这个群体却成了被指责的对象，要说没有一点先入为主的观念在作怪，恐怕很难让人信服。一直以来，女司机被当成了马路杀手的一个代名词，交通事故里，只要肇事方是女性，性别问题立马就会成为关注的焦点，以各种方式作出人身攻击，这次事情引发的次生风波就是个典型。

因为个体的差异，每个人在处置同一类突发情况时，的确是存在不同的，有些人应对得好，有些人应对得不好，有些人甚至会作出相反的应对，但是将个体的不同等同于性别的不同，刻意营造性别差异，这就完全走偏了，这其实是将正常的驾驶习惯问题变成性别问题。

再进一步说，我们更应该把关注的焦点聚集在救援、聚集在对受害者家属的安抚上。满屏都是对女司机的嘲讽，这把盐撒下去，受伤的除了受害者家属，还有无辜的社会公众。任何一个灾难事故，不管它怎么发生的，救援都是第一位的，无他，就为了敬畏生命，为了尊重生命。

现在，新闻反转了，一个个灰头土脸、手忙脚乱，找这个原因找那个原因，而当事私家车司机所蒙受的不白之冤、所受到的伤害，难道就可以一笔带过？尊重生命的人，也应该尊重每一个个体，他们还欠女司机一个真诚的道歉，更欠社会一个道歉。

其实，当事情真相不明时，新闻在处理上也不是没有办法的。寻找消息源并标注来源，发表之前求证一下，当无法证实时，就应该淡化处理，未经证实就得老老实实地标注清楚，最忌讳的是照抄照搬，做成标题，放大未经证实的信息。反转的事已经不是第一回发生了，但为什么没能吸取足够的教训，恐怕还是有利益在作怪。在一些人的炒作下，“女司机”的新闻自带流量，点击率、流量的诱惑力让他们总是想着先下手为强。对于这样的自媒体，应该建立一套约束机制。

当然，当地也要为在信息通报上的错误承担主要责任，事情还未调查清楚就盲目发布消息，应急办一个说法，警方又一个说法，听谁的好？当地需要建立一个新闻发布的机制。此外，警方的调查需要时间，下结论更需要严谨的确认过程，否则很容易让谣言钻了空子。这也提醒警方，信息共享机制要更灵活一些，反应也要更迅速一点，方法也应该更多一点。",人民日报 10-30 07:23,0
true_8,重庆公交车坠江事故续：女司机已被解除控制,"现代快报讯（记者 邱骅悦）10 月 28 日上午，重庆市万州区一公交车在万州长江二桥桥面与小轿车发生碰撞后坠入江中。事故发生当天，万州公安局交巡警支队通报称 ，小轿车驾驶员邝某娟被警方控制。10 月 30 日，现代快报记者致电邝某娟丈夫熊某，熊某告诉记者，目前警方已经解除对邝某娟的控制，妻子已经平安回家，一切都好。
10 月 28 日上午 10 时左右，重庆市万州区一公交车在万州长江二桥桥面与小轿车发生碰撞后坠入江中。事故发生后，许多网友根据现场事故图片，一度错认为是由于小轿车逆行引发了事故。据此前媒体报道，万州区交巡警支队于当天发布通报称，私家车驾驶员邝某娟已被警方控制。

△ 10 月 28 日 ， 重庆市公安局万州区分局在其官方微博发布警情通报。微博截图

10 月 28 日下午 5 点左右重庆市公安局万州区分局在其官方微博发布警情通报称，“ 经初步事故现场调查，系公交客车在行驶中突然越过中心实线，撞击对向正常行驶的小轿车后冲上路沿，撞断护栏，坠入江中。” 许多网友在看完警情通报后均表示此前自己错怪了小轿车驾驶员，需要向她进行道歉。

10 月 30 日上午，现代快报记者致电小轿车驾驶员邝某娟丈夫熊某，熊某告诉记者，目前警方已经解除对邝某娟的控制，“ 她人已经平安回家了，一切都好。”",中国网直播 10-30 12:00,0
true_9,重庆公交车坠长江，别让“女司机”背锅了,"重庆万州长江二桥公交车坠入长江事故”有了最新进展，根据重庆市公安局万州分局最新发布的警情通报称：经初步事故现场调查，系公交车在行驶中突然越过中心实线，撞击到对向正常行驶的小轿车后冲上路沿，撞断护栏，坠入江中。经初步确认，当时公交车上共有驾乘人员10多人。

微评：从小轿车逆行与大巴车发生碰撞，到公交车逆行与小轿车发生碰撞，重庆万州大巴坠江一事，发生了180度的大逆转。相信之前，不少在网上“围攻”女司机的吃瓜群众，此刻正被“瓜”砸了脚。其实，不管是男司机也好还是女司机也罢，只要在行驶中疏忽大意都有可能造成无法挽回的交通事故，这与性别无关。我们更不能因为这样一起谁也不想见到的意外事故，就再一次地加深对“女司机”群体的刻板印象。",新京报 10-28 19:18,0
true_10,反转！女司机穿高跟鞋开车逆行致公交坠江？警方：女司机没逆行,"这是一个令人揪心的消息：今日上午（10月28日），重庆万州区长江二桥发生了一起交通事故，一辆公交车与私家车相撞，公交车冲破护栏后掉进了长江……

救援团队正在全力打捞抢救当中，目前车上确认连驾驶员在内共有10多人！

事件发生之处，很多媒体报道是女司机逆行导致此次悲剧的发生；然而警方刚刚通报案情：公交突然越线、撞击小车后坠入长江！
截至下午1点38分，救援队从坠桥公交车中打捞出2具遇难者的遗体；目前遗体身份尚未确定。

早前有媒体报道介绍事发经过称：系一辆红色私家车在桥上逆行；导致一辆公交车与之发生车祸，公交车为避让私家车，冲破大桥的护栏，直接掉进了滚滚长江之中。
事发之后，私家车女司机被警方控制；从拍摄的现场视频中网友发现一个重要的细节，这位私家车女司机竟然穿的是高跟鞋。开车穿高跟鞋还逆行，而且还是在大桥上逆行；这些因素的叠加，可能才最终造成了这样悲剧的发生……（现在看来，事情完全反转）

目前，私家车女司机邝某娟已被警方控制！

目前，打捞工作正在争分夺秒的进行当中，而这一救援行动也牵挂着无数人的心；事发时车上有10多人，祈愿伤这个数字不要再增加了。",社会妖哥哥 11-02 08:41,0
true_11,警方通报重庆“坠江事件”女司机未逆行，网友排队道歉,"据@平安万州，10月28日10时08分，一辆公交客车与一辆小轿车在重庆万州区长江二桥相撞后，公交车坠入江中。经初步事故现场调查，系公交客车在行驶中突然越过中心实线，撞击对面正常行驶的小轿车后冲上路沿，撞断护栏，坠入江中。
据人民日报消息，截至今日凌晨，共70多艘船只围绕公交车坠江水域全面开展搜救。救援面临的主要难点是江水较深、水域复杂。蛙人救援队、水下机器人、吊船等专业打捞力量正全力开展工作。目前，搜救船正在车辆坠江水域进行扫测，待车辆位置精确定位后，将派潜水员到水下定位起吊。
通报全文：
10月28日10时08分，一辆公交客车与一辆小轿车在重庆万州区长江二桥相撞后，公交车坠入江中。经初步事故现场调查，系公交客车在行驶中突然越过中心实线，撞击对面正常行驶的小轿车后冲上路沿，撞断护栏，坠入江中。
根据调查访问、调取公交车客车沿线监控视频，初步确认当时公交客车上共有驾乘人员10多人。目前，事故原因正进一步调查中。
",江苏共青团 澎湃新闻 10-29 13:23,0
true_12,重庆公交车为避让逆行私家车坠江？反转！私家车司机为正常行驶,"10月28日，重庆万州区发生一起交通事故令广大群众十分揪心，因交通事故中公交车与私家车碰撞后撞栏坠江。

网友分析，在相关视频中，私家车司机疑似逆行，而后爆出来的图片中更可看出该司机身穿高跟鞋，更是引发网友的愤怒。

事发突然，警方尽全力抢救公交车。然因公交车较大，工作人员需根据公交车尺寸现场编织特殊钢丝绳。现场救援指挥部敲定方案便即刻展开救援。

根据警方最新通报，该司机并非逆行，而是公交车突然越过中心实线，撞向该正常行驶的小轿车！并且已初步确认大巴车上共驾乘人员约10多人。
虽然司机为正常驾驶，但身穿高跟鞋还是有一定的隐患。具体事实还在调查，我们无从得知，只求大巴车的生还人数越多越好。如今，已有两人遇险被打捞上来。我们能做的，只有静等官方的通知，为他们祈祷！",次元转换间 10-28 18:23,0
true_13,,"【重庆客车坠江事故权威发布：非女司机逆行所致！系公交车越线撞击小轿车后坠江】28日10时08分，重庆市万州区发生一起公交车与私家车碰撞后公交车坠江的道路交通事故。目前，涉事小轿车驾驶员已被警方控制。截至13点，现场已打捞出两名人员遗体。@平安万州 通报称，该公交车由万州区江南新区往北滨路行驶，当车行驶至万州长江二桥桥上时，与一辆由城区往江南新区行驶的小型轿车（车内只有驾驶员）相撞，造成公交车失控冲破护栏坠入长江，小型轿车车辆受损。初步确认，公交车上共有驾乘人员10多人。记者战海峰
",法制日报 10-28 18:28,0
true_14,,"【坠江事故女司机没逆行！重庆公交车坠江因突然越线，车上共有驾乘人员10余人】警方初步确认！重庆坠江公交上共有驾乘人员10多人。警方通报：10月28日10时08分，一辆公交客车与一辆小轿车在重庆万州区长江二桥相撞后，公交客车坠入江中。经初步事故现场调查，系公交客车在行驶中突然越过中心实线，撞击对向正常行驶的小轿车后冲上路沿，撞断护栏，坠入江中。
",潇湘晨报 10-28 19:52,0
true_15,,【初步确认系公交车越过中心线 女司机没逆行 坠江公交有10多人】据@平安万州 通报，经调查，系公交客车在行驶中突然越过中心实线，撞击对向正常行驶的小轿车后冲上路沿，撞断护栏，坠入江中。初步确认当时公交车上共有驾乘人员10多人。目前，事故原因正在进一步调查中。,成都商报 10-28 17:55,0
true_16,,"【重庆一公交突然逆行坠江，已打捞起两具遇难者遗体】今天上午，重庆万州区发生一起公交车与私家车碰撞后公交车坠江的交通事故。刚刚，@平安万州 发布最新通报：经初步事故现场调查，系公交客车在行驶中突然越过中心实线，撞击对向正常行驶的小轿车后冲上路沿，撞断护栏，坠入江中。根据调查访问、调取公交客车沿线监控视频，初步确认当时公交客车上共有驾乘人员10多人。目前，事故原因正进一步调查中。
另据新华社报道，目前，坠江公交车已确定为一辆当地22路公交车，相关部门已确定车辆沉入江底。截至13点，现场已打捞出两名人员遗体。
目前，重庆市消防总队50名指战员、5辆消防车、2艘冲锋舟已在现场开展救援。水上支队及周边支队已做好增援准备。
在现场参与救援的蓝天救援队骆队长告诉记者：事发桥面离水面有50余米，公交车坠江后又沉入65米深的江底，由于巨大的冲击和水中缺氧等问题，给被困人员带来极大的生存挑战，同时给救援工作带来极大的困难。
愿平安！（人民日报）。",北京交通广播 10-28 19:35,0
true_17,,【不是女司机逆行！关于万州长江二桥大巴车坠江的最新警方通报来了】10月28日10时08份，一辆公交客车与一辆小轿车在重庆万州区长江二桥相撞后，公交客车坠入江中。#重庆大巴车坠江# 经初步事故现场调查，系公交客车在行驶中突然越过中心实线，撞击对向正常行驶的小轿车后冲上路沿，撞断护栏，坠入江中。根据调查访问、调取公交客车沿线监控视频，初步确认当时公交客车上共有驾乘人员10多人。目前，事故原因正进一步调查中。by@平安万州,小魏说事儿 10-28 22:45,0
true_18,,"【女司机没有逆行！重庆官方最新消息：坠江大巴车突然越中心实线】
最新消息，重庆官方通报：
重庆万州区坠江事故经初步现场调查，系公交客车在行驶中突然越过中心实线，撞击对向正常行驶的小轿车后冲上路沿，撞断护栏，坠入江中。
媒体此前报道――
上午10时许，重庆万州区一辆公交车行驶至万州长江二桥桥上时，突然越过中心实线，与对向一辆正常行驶小轿车相撞，公交车失控冲破护栏坠入长江。
从长江二桥冲下坠江的公交车已确定为一辆当地22路公交汽车，初步确定车上共有10余人。
目前已初步确认失事公交车位置，距离水面65米。由于巨大的冲击和水中缺氧等问题，给被困人员带来极大的生存挑战。
13时许，一架可载重60吨的浮吊和有经验的操作人员已抵达坠江现场，搜寻到2名遇难者遗体。",吕鹏微博 10-28 22:28,0
true_19,,"司机没逆行!重庆公交坠江事故反转:公交车突然越线 车内10余人】
重庆万州警方28日下午通报公交车坠江事件称，28日10时08分，一辆公交客车与辆小轿车在重庆万州区长江二桥相撞后，公交客车坠入江中。经初步事故现场调查，系公交客车在行驶中突然越过中心实线，撞击对向正常行驶的小轿车后冲上路沿，撞断护栏坠入江中。根据调查访问、调取公交客车沿线监控视频，初步确认当时公交客车上共有驾乘人员10多人。目前事故原因正进一步调查中。（来源:百度新闻）",舍得乐 10-28 20:22,0
